{
    "title": "Quick Sort",
    "facts": [
        {
            "title": "Stabilita",
            "content": "@Icon.cancel"
        },
        {
            "title": "Zložitosť",
            "content": "n*log(n)"
        },
        {
            "title": "Prirodzený",
            "content": "Nie"
        }
    ],
    "brief": "Jedná sa o jednoduchý radiaci algoritmus, ktorý funguje na opakovanej výmene súsedných prvkov",
    "visual": {
        "source": "@~/Assets/quicksort.gif"
    },
    "detail": [
        "- Porovnáva sa každá dvojica susedných prvkov smerom zľava do prava.\n",
        "- V prípade obrateného usporiadania sa prvky tejto dvojice vymenia.\n",
        "- Algoritmus pokračuje, až kým pole nieje zoradené"
    ]
}