{
    "title": "Test Init",

    "facts": [
        {
            "title": "Fact1",
            "content": "Content f.1",
            "subcontent": "Subcontent",
            "detail" : "Detail 1"
        },
        {
            "title": "Fact2",
            "content": "Content f.2",
            "subcontent": "Subcontent",
            "detail" : "Detail 2"
        },
        {
            "title": "Fact3",
            "content": "Content f.3",
            "detail" : "Detail 3"
        }
    ],

    "brief": "Lorem ipsum dolor sit amet, consectetur adipiscing elit, sed do eiusmod tempor incididunt ut labore et dolore magna aliqua.",
    "visual": {
        "source": "@~/bubblesort.gif"
    },
    "detail": [
        "Lorem ipsum dolor sit amet, consectetur adipiscing elit, sed do eiusmod tempor incididunt ut labore et dolore magna aliqua. Eleifend mi in nulla posuere sollicitudin aliquam. Mauris rhoncus aenean vel elit scelerisque mauris. Suspendisse ultrices gravida dictum fusce ut placerat orci nulla pellentesque. Aliquet bibendum enim facilisis gravida neque convallis. Augue eget arcu dictum varius. Orci sagittis eu volutpat odio facilisis mauris sit amet massa. Eu ultrices vitae auctor eu augue ut lectus. Sagittis vitae et leo duis. Nunc scelerisque viverra mauris in aliquam. Urna neque viverra justo nec ultrices dui sapien. Nulla pharetra diam sit amet nisl suscipit adipiscing bibendum est. Nisi quis eleifend quam adipiscing vitae proin sagittis nisl rhoncus. Quam viverra orci sagittis eu volutpat. Lectus quam id leo in vitae turpis massa sed elementum.\n",
        "Magna fringilla urna porttitor rhoncus dolor purus non enim praesent. Senectus et netus et malesuada fames ac. Ultricies lacus sed turpis tincidunt id. Id eu nisl nunc mi ipsum. Mattis rhoncus urna neque viverra justo nec ultrices. Gravida arcu ac tortor dignissim convallis aenean et. Sed tempus urna et pharetra pharetra. Placerat vestibulum lectus mauris ultrices eros in cursus turpis. Eget arcu dictum varius duis at consectetur lorem donec massa. In nulla posuere sollicitudin aliquam ultrices. Pellentesque pulvinar pellentesque habitant morbi tristique senectus et netus et. Aenean et tortor at risus viverra. Urna neque viverra justo nec ultrices dui sapien eget.\n"
    ]
}